Year,Total Trades,Wins,Losses,Pct Gain (%),Avg Gain (%),Win Rate (%)
2016,19,7,12,0.3884235095030848,0.020443342605425515,36.84210526315789
