Year,Total Trades,Wins,Losses,Pct Gain (%),Avg Gain (%),Win Rate (%)
2017,14,9,5,41.693043145330776,2.9780745103807695,64.28571428571429
