Year,Total Trades,Wins,Losses,Pct Gain (%),Avg Gain (%),Win Rate (%)
2019,19,10,9,32.27652734405697,1.6987645970556302,52.63157894736842
