Total Wins,Total Losses,Total Money Won (%),Total Money Lost (%),Net Profit/Loss (%)
103,400,1120.8388996339836,-3680.3705736827906,-2559.531674048807
