Year,Total Trades,Wins,Losses,Pct Gain (%),Avg Gain (%),Win Rate (%)
2021,29,10,19,-35.15395879490312,-1.2122054756863145,34.48275862068966
