Year,Total Trades,Wins,Losses,Pct Gain (%),Avg Gain (%),Win Rate (%)
2022,29,12,17,37.76179714606139,1.3021309360710824,41.37931034482759
