Year,Total Trades,Wins,Losses,Pct Gain (%),Avg Gain (%),Win Rate (%)
2023,19,8,11,46.239814092687794,2.4336744259309366,42.10526315789473
