Total Wins,Total Losses,Total Money Won (%),Total Money Lost (%),Net Profit/Loss (%)
47,49,292.18235554173157,-168.84311182699156,123.33924371474001
