Year,Total Trades,Wins,Losses,Pct Gain (%),Avg Gain (%),Win Rate (%)
2024,23,8,15,-17.2404822441632,-0.7495861845288347,34.78260869565217
