Year,Total Trades,Wins,Losses,Pct Gain (%),Avg Gain (%),Win Rate (%)
2025,14,5,9,11.934867298024905,0.8524905212874933,35.714285714285715
